Node,Status,status_label
0,3,Removido
1,1,Exposto
2,1,Exposto
3,1,Exposto
4,2,Infectado
5,2,Infectado
6,3,Removido
7,1,Exposto
8,1,Exposto
9,1,Exposto
10,3,Removido
11,0,Suscetível
12,1,Exposto
13,1,Exposto
14,2,Infectado
15,1,Exposto
16,1,Exposto
17,3,Removido
18,3,Removido
19,1,Exposto
20,3,Removido
21,3,Removido
22,1,Exposto
23,2,Infectado
24,1,Exposto
25,1,Exposto
26,3,Removido
27,1,Exposto
28,1,Exposto
29,1,Exposto
30,1,Exposto
31,3,Removido
32,1,Exposto
33,1,Exposto
34,1,Exposto
35,2,Infectado
36,2,Infectado
37,1,Exposto
38,1,Exposto
39,3,Removido
40,3,Removido
41,1,Exposto
42,1,Exposto
43,1,Exposto
44,1,Exposto
45,1,Exposto
46,1,Exposto
47,1,Exposto
48,1,Exposto
49,2,Infectado
50,1,Exposto
51,1,Exposto
52,2,Infectado
53,1,Exposto
54,1,Exposto
55,1,Exposto
56,1,Exposto
57,2,Infectado
58,3,Removido
59,2,Infectado
60,3,Removido
61,1,Exposto
62,1,Exposto
63,3,Removido
64,3,Removido
65,3,Removido
66,1,Exposto
67,1,Exposto
68,1,Exposto
69,1,Exposto
70,0,Suscetível
71,2,Infectado
72,1,Exposto
73,1,Exposto
74,0,Suscetível
75,2,Infectado
76,2,Infectado
77,1,Exposto
78,2,Infectado
79,1,Exposto
80,1,Exposto
81,3,Removido
82,3,Removido
83,1,Exposto
84,1,Exposto
85,1,Exposto
86,1,Exposto
87,3,Removido
88,1,Exposto
89,2,Infectado
90,1,Exposto
91,1,Exposto
92,1,Exposto
93,1,Exposto
94,2,Infectado
95,2,Infectado
96,2,Infectado
97,2,Infectado
98,3,Removido
99,3,Removido
100,3,Removido
101,1,Exposto
102,2,Infectado
103,1,Exposto
104,2,Infectado
105,3,Removido
106,1,Exposto
107,1,Exposto
108,1,Exposto
109,1,Exposto
110,2,Infectado
111,1,Exposto
112,1,Exposto
113,3,Removido
114,2,Infectado
115,2,Infectado
116,2,Infectado
117,1,Exposto
118,3,Removido
119,1,Exposto
120,1,Exposto
121,2,Infectado
122,3,Removido
123,1,Exposto
124,3,Removido
125,1,Exposto
126,3,Removido
127,1,Exposto
128,1,Exposto
129,1,Exposto
130,3,Removido
131,1,Exposto
132,2,Infectado
133,1,Exposto
134,1,Exposto
135,1,Exposto
136,2,Infectado
137,2,Infectado
138,1,Exposto
139,3,Removido
140,1,Exposto
141,1,Exposto
142,1,Exposto
143,1,Exposto
144,1,Exposto
145,0,Suscetível
146,3,Removido
147,1,Exposto
148,1,Exposto
149,2,Infectado
150,1,Exposto
151,1,Exposto
152,2,Infectado
153,1,Exposto
154,3,Removido
155,2,Infectado
156,1,Exposto
157,1,Exposto
158,1,Exposto
159,1,Exposto
160,1,Exposto
161,2,Infectado
162,1,Exposto
163,1,Exposto
164,2,Infectado
165,1,Exposto
166,1,Exposto
167,3,Removido
168,3,Removido
169,3,Removido
170,3,Removido
171,2,Infectado
172,1,Exposto
173,1,Exposto
174,1,Exposto
175,3,Removido
176,2,Infectado
177,3,Removido
178,1,Exposto
179,1,Exposto
180,3,Removido
181,1,Exposto
182,2,Infectado
183,1,Exposto
184,1,Exposto
185,1,Exposto
186,1,Exposto
187,2,Infectado
188,1,Exposto
189,2,Infectado
190,2,Infectado
191,1,Exposto
192,1,Exposto
193,2,Infectado
194,1,Exposto
195,2,Infectado
196,1,Exposto
197,1,Exposto
198,2,Infectado
199,1,Exposto
200,1,Exposto
201,2,Infectado
202,1,Exposto
203,3,Removido
204,1,Exposto
205,1,Exposto
206,1,Exposto
207,2,Infectado
208,1,Exposto
209,2,Infectado
210,1,Exposto
211,3,Removido
212,1,Exposto
213,1,Exposto
214,3,Removido
215,1,Exposto
216,1,Exposto
217,2,Infectado
218,1,Exposto
219,1,Exposto
220,1,Exposto
221,1,Exposto
222,1,Exposto
223,1,Exposto
224,1,Exposto
225,1,Exposto
226,2,Infectado
227,1,Exposto
228,0,Suscetível
229,1,Exposto
230,2,Infectado
231,3,Removido
232,1,Exposto
233,1,Exposto
234,1,Exposto
235,2,Infectado
236,1,Exposto
237,1,Exposto
238,1,Exposto
239,1,Exposto
240,1,Exposto
241,1,Exposto
242,1,Exposto
243,1,Exposto
244,1,Exposto
245,2,Infectado
246,1,Exposto
247,1,Exposto
248,1,Exposto
249,1,Exposto
250,3,Removido
251,1,Exposto
252,1,Exposto
253,3,Removido
254,1,Exposto
255,0,Suscetível
256,3,Removido
257,3,Removido
258,1,Exposto
259,2,Infectado
260,3,Removido
261,1,Exposto
262,2,Infectado
263,1,Exposto
264,1,Exposto
265,2,Infectado
266,3,Removido
267,2,Infectado
268,3,Removido
269,3,Removido
270,2,Infectado
271,3,Removido
272,1,Exposto
273,1,Exposto
274,1,Exposto
275,2,Infectado
276,1,Exposto
277,1,Exposto
278,2,Infectado
279,2,Infectado
280,1,Exposto
281,1,Exposto
282,2,Infectado
283,2,Infectado
284,3,Removido
285,1,Exposto
286,1,Exposto
287,0,Suscetível
288,2,Infectado
289,1,Exposto
290,1,Exposto
291,1,Exposto
292,0,Suscetível
293,2,Infectado
294,2,Infectado
295,1,Exposto
296,1,Exposto
297,1,Exposto
298,3,Removido
299,3,Removido
300,2,Infectado
301,1,Exposto
302,1,Exposto
303,1,Exposto
304,3,Removido
305,0,Suscetível
306,2,Infectado
307,2,Infectado
308,3,Removido
309,2,Infectado
310,1,Exposto
311,1,Exposto
312,3,Removido
313,3,Removido
314,1,Exposto
315,3,Removido
316,2,Infectado
317,2,Infectado
318,1,Exposto
319,3,Removido
320,1,Exposto
321,1,Exposto
322,1,Exposto
323,1,Exposto
324,1,Exposto
325,1,Exposto
326,1,Exposto
327,1,Exposto
328,1,Exposto
329,1,Exposto
330,1,Exposto
331,3,Removido
332,3,Removido
333,2,Infectado
334,3,Removido
335,0,Suscetível
336,1,Exposto
337,1,Exposto
338,3,Removido
339,1,Exposto
340,3,Removido
341,1,Exposto
342,1,Exposto
343,2,Infectado
344,1,Exposto
345,1,Exposto
346,3,Removido
347,2,Infectado
348,3,Removido
414,1,Exposto
428,3,Removido
1684,3,Removido
1912,1,Exposto
2814,1,Exposto
2838,3,Removido
2885,1,Exposto
3003,3,Removido
3173,1,Exposto
3290,1,Exposto
353,1,Exposto
363,1,Exposto
366,1,Exposto
376,1,Exposto
389,3,Removido
420,2,Infectado
475,2,Infectado
483,3,Removido
484,1,Exposto
517,3,Removido
526,1,Exposto
538,1,Exposto
563,1,Exposto
566,1,Exposto
580,1,Exposto
596,3,Removido
601,1,Exposto
606,1,Exposto
629,3,Removido
637,3,Removido
641,3,Removido
649,1,Exposto
651,1,Exposto
896,1,Exposto
897,1,Exposto
898,1,Exposto
899,2,Infectado
900,1,Exposto
901,3,Removido
902,1,Exposto
903,1,Exposto
904,1,Exposto
905,2,Infectado
906,1,Exposto
907,1,Exposto
908,1,Exposto
909,3,Removido
910,2,Infectado
911,1,Exposto
912,3,Removido
913,2,Infectado
914,1,Exposto
915,3,Removido
916,2,Infectado
917,3,Removido
918,1,Exposto
919,3,Removido
920,3,Removido
921,1,Exposto
922,3,Removido
923,1,Exposto
924,1,Exposto
925,1,Exposto
926,3,Removido
927,3,Removido
928,1,Exposto
929,2,Infectado
930,1,Exposto
931,1,Exposto
932,1,Exposto
933,3,Removido
934,1,Exposto
935,3,Removido
936,1,Exposto
937,1,Exposto
938,1,Exposto
939,2,Infectado
940,1,Exposto
941,1,Exposto
942,3,Removido
943,1,Exposto
944,3,Removido
945,1,Exposto
946,1,Exposto
947,3,Removido
948,1,Exposto
949,2,Infectado
950,2,Infectado
951,1,Exposto
952,1,Exposto
953,1,Exposto
954,1,Exposto
955,2,Infectado
956,3,Removido
957,3,Removido
958,1,Exposto
959,3,Removido
960,1,Exposto
961,1,Exposto
962,2,Infectado
963,2,Infectado
964,1,Exposto
965,1,Exposto
966,1,Exposto
967,1,Exposto
968,3,Removido
969,1,Exposto
970,1,Exposto
971,3,Removido
972,1,Exposto
973,2,Infectado
974,3,Removido
975,1,Exposto
976,1,Exposto
977,2,Infectado
978,1,Exposto
979,1,Exposto
980,1,Exposto
981,1,Exposto
982,3,Removido
983,3,Removido
984,1,Exposto
985,3,Removido
986,1,Exposto
987,3,Removido
988,1,Exposto
989,3,Removido
990,1,Exposto
991,1,Exposto
992,3,Removido
993,3,Removido
994,3,Removido
995,3,Removido
996,1,Exposto
997,1,Exposto
998,1,Exposto
999,3,Removido
1000,1,Exposto
1001,3,Removido
1002,1,Exposto
1003,3,Removido
1004,3,Removido
1005,1,Exposto
1006,1,Exposto
1007,1,Exposto
1008,2,Infectado
1009,1,Exposto
1010,1,Exposto
1011,1,Exposto
1012,1,Exposto
1013,3,Removido
1014,1,Exposto
1015,3,Removido
1016,1,Exposto
1017,3,Removido
1018,1,Exposto
1019,3,Removido
1020,3,Removido
1021,3,Removido
1022,3,Removido
1023,1,Exposto
1024,1,Exposto
1025,2,Infectado
1026,3,Removido
1027,1,Exposto
1028,3,Removido
1029,1,Exposto
1030,1,Exposto
1031,1,Exposto
1032,3,Removido
1033,1,Exposto
1034,3,Removido
1035,1,Exposto
1036,3,Removido
1037,3,Removido
1038,1,Exposto
1039,2,Infectado
1040,1,Exposto
1041,1,Exposto
1042,1,Exposto
1043,3,Removido
1044,3,Removido
1045,1,Exposto
1046,2,Infectado
1047,1,Exposto
1048,1,Exposto
1049,3,Removido
1050,1,Exposto
1051,1,Exposto
1052,3,Removido
1053,2,Infectado
1054,3,Removido
1055,3,Removido
1056,3,Removido
1057,1,Exposto
1058,1,Exposto
1059,1,Exposto
1060,3,Removido
1061,1,Exposto
1062,1,Exposto
1063,1,Exposto
1064,1,Exposto
1065,1,Exposto
1066,3,Removido
1067,3,Removido
1068,1,Exposto
1069,1,Exposto
1070,3,Removido
1071,1,Exposto
1072,3,Removido
1073,1,Exposto
1074,2,Infectado
1075,1,Exposto
1076,3,Removido
1077,1,Exposto
1078,1,Exposto
1079,1,Exposto
1080,2,Infectado
1081,3,Removido
1082,3,Removido
1083,2,Infectado
1084,1,Exposto
1085,3,Removido
1086,2,Infectado
1087,1,Exposto
1088,1,Exposto
1089,1,Exposto
1090,1,Exposto
1091,1,Exposto
1092,3,Removido
1093,1,Exposto
1094,3,Removido
1095,1,Exposto
1096,2,Infectado
1097,3,Removido
1098,1,Exposto
1099,1,Exposto
1100,1,Exposto
1101,2,Infectado
1102,3,Removido
1103,1,Exposto
1104,1,Exposto
1105,3,Removido
1106,1,Exposto
1107,1,Exposto
1108,1,Exposto
1109,1,Exposto
1110,1,Exposto
1111,1,Exposto
1112,1,Exposto
1113,3,Removido
1114,1,Exposto
1115,3,Removido
1116,1,Exposto
1117,1,Exposto
1118,3,Removido
1119,1,Exposto
1120,1,Exposto
1121,1,Exposto
1122,3,Removido
1123,2,Infectado
1124,1,Exposto
1125,1,Exposto
1126,1,Exposto
1127,3,Removido
1128,3,Removido
1129,3,Removido
1130,3,Removido
1131,3,Removido
1132,3,Removido
1133,3,Removido
1134,3,Removido
1135,1,Exposto
1136,1,Exposto
1137,3,Removido
1138,1,Exposto
1139,3,Removido
1140,1,Exposto
1141,3,Removido
1142,3,Removido
1143,2,Infectado
1144,2,Infectado
1145,1,Exposto
1146,1,Exposto
1147,1,Exposto
1148,3,Removido
1149,3,Removido
1150,2,Infectado
1151,3,Removido
1152,1,Exposto
1153,1,Exposto
1154,1,Exposto
1155,1,Exposto
1156,1,Exposto
1157,1,Exposto
1158,3,Removido
1159,3,Removido
1160,1,Exposto
1161,1,Exposto
1162,2,Infectado
1163,3,Removido
1164,1,Exposto
1165,1,Exposto
1166,1,Exposto
1167,3,Removido
1168,1,Exposto
1169,3,Removido
1170,1,Exposto
1171,3,Removido
1172,1,Exposto
1173,3,Removido
1174,2,Infectado
1175,1,Exposto
1176,2,Infectado
1177,1,Exposto
1178,3,Removido
1179,2,Infectado
1180,1,Exposto
1181,1,Exposto
1182,3,Removido
1183,1,Exposto
1184,1,Exposto
1185,3,Removido
1186,1,Exposto
1187,1,Exposto
1188,3,Removido
1189,2,Infectado
1190,2,Infectado
1191,3,Removido
1192,2,Infectado
1193,3,Removido
1194,3,Removido
1195,1,Exposto
1196,1,Exposto
1197,1,Exposto
1198,3,Removido
1199,1,Exposto
1200,1,Exposto
1201,1,Exposto
1202,1,Exposto
1203,3,Removido
1204,1,Exposto
1205,2,Infectado
1206,3,Removido
1207,1,Exposto
1208,3,Removido
1209,3,Removido
1210,1,Exposto
1211,1,Exposto
1212,1,Exposto
1213,1,Exposto
1214,1,Exposto
1215,1,Exposto
1216,2,Infectado
1217,2,Infectado
1218,3,Removido
1219,1,Exposto
1220,3,Removido
1221,1,Exposto
1222,1,Exposto
1223,1,Exposto
1224,3,Removido
1225,1,Exposto
1226,1,Exposto
1227,1,Exposto
1228,1,Exposto
1229,1,Exposto
1230,1,Exposto
1231,3,Removido
1232,3,Removido
1233,1,Exposto
1234,2,Infectado
1235,3,Removido
1236,3,Removido
1237,3,Removido
1238,1,Exposto
1239,1,Exposto
1240,1,Exposto
1241,2,Infectado
1242,3,Removido
1243,1,Exposto
1244,3,Removido
1245,2,Infectado
1246,1,Exposto
1247,1,Exposto
1248,1,Exposto
1249,1,Exposto
1250,1,Exposto
1251,1,Exposto
1252,1,Exposto
1253,1,Exposto
1254,2,Infectado
1255,2,Infectado
1256,3,Removido
1257,1,Exposto
1258,1,Exposto
1259,3,Removido
1260,3,Removido
1261,1,Exposto
1262,1,Exposto
1263,3,Removido
1264,1,Exposto
1265,1,Exposto
1266,1,Exposto
1267,1,Exposto
1268,1,Exposto
1269,3,Removido
1270,1,Exposto
1271,1,Exposto
1272,1,Exposto
1273,1,Exposto
1274,1,Exposto
1275,3,Removido
1276,1,Exposto
1277,3,Removido
1278,2,Infectado
1279,3,Removido
1280,3,Removido
1281,1,Exposto
1282,1,Exposto
1283,1,Exposto
1284,1,Exposto
1285,1,Exposto
1286,1,Exposto
1287,1,Exposto
1288,1,Exposto
1289,1,Exposto
1290,1,Exposto
1291,1,Exposto
1292,1,Exposto
1293,1,Exposto
1294,1,Exposto
1295,2,Infectado
1296,3,Removido
1297,1,Exposto
1298,3,Removido
1299,1,Exposto
1300,3,Removido
1301,1,Exposto
1302,1,Exposto
1303,1,Exposto
1304,3,Removido
1305,1,Exposto
1306,3,Removido
1307,3,Removido
1308,1,Exposto
1309,1,Exposto
1310,1,Exposto
1311,3,Removido
1312,3,Removido
1313,3,Removido
1314,1,Exposto
1315,1,Exposto
1316,3,Removido
1317,3,Removido
1318,1,Exposto
1319,1,Exposto
1320,3,Removido
1321,1,Exposto
1322,1,Exposto
1323,1,Exposto
1324,3,Removido
1325,3,Removido
1326,2,Infectado
1327,1,Exposto
1328,1,Exposto
1329,1,Exposto
1330,3,Removido
1331,2,Infectado
1332,1,Exposto
1333,3,Removido
1334,3,Removido
1335,3,Removido
1336,3,Removido
1337,1,Exposto
1338,3,Removido
1339,1,Exposto
1340,1,Exposto
1341,3,Removido
1342,1,Exposto
1343,3,Removido
1344,3,Removido
1345,1,Exposto
1346,1,Exposto
1347,2,Infectado
1348,2,Infectado
1349,3,Removido
1350,3,Removido
1351,1,Exposto
1352,1,Exposto
1353,1,Exposto
1354,2,Infectado
1355,1,Exposto
1356,1,Exposto
1357,3,Removido
1358,1,Exposto
1359,2,Infectado
1360,1,Exposto
1361,2,Infectado
1362,1,Exposto
1363,3,Removido
1364,1,Exposto
1365,1,Exposto
1366,3,Removido
1367,3,Removido
1368,1,Exposto
1369,1,Exposto
1370,3,Removido
1371,3,Removido
1372,1,Exposto
1373,3,Removido
1374,1,Exposto
1375,3,Removido
1376,3,Removido
1377,1,Exposto
1378,3,Removido
1379,3,Removido
1380,1,Exposto
1381,3,Removido
1382,1,Exposto
1383,3,Removido
1384,1,Exposto
1385,1,Exposto
1386,1,Exposto
1387,3,Removido
1388,1,Exposto
1389,3,Removido
1390,1,Exposto
1391,1,Exposto
1392,1,Exposto
1393,1,Exposto
1394,1,Exposto
1395,3,Removido
1396,1,Exposto
1397,1,Exposto
1398,3,Removido
1399,1,Exposto
1400,3,Removido
1401,1,Exposto
1402,3,Removido
1403,1,Exposto
1404,1,Exposto
1405,1,Exposto
1406,3,Removido
1407,1,Exposto
1408,1,Exposto
1409,1,Exposto
1410,1,Exposto
1411,1,Exposto
1412,3,Removido
1413,1,Exposto
1414,2,Infectado
1415,3,Removido
1416,1,Exposto
1417,1,Exposto
1418,3,Removido
1419,1,Exposto
1420,1,Exposto
1421,1,Exposto
1422,1,Exposto
1423,1,Exposto
1424,1,Exposto
1425,2,Infectado
1426,1,Exposto
1427,3,Removido
1428,3,Removido
1429,1,Exposto
1430,1,Exposto
1431,3,Removido
1432,1,Exposto
1433,1,Exposto
1434,1,Exposto
1435,3,Removido
1436,3,Removido
1437,3,Removido
1438,1,Exposto
1439,1,Exposto
1440,1,Exposto
1441,1,Exposto
1442,1,Exposto
1443,2,Infectado
1444,1,Exposto
1445,1,Exposto
1446,1,Exposto
1447,1,Exposto
1448,1,Exposto
1449,1,Exposto
1450,1,Exposto
1451,1,Exposto
1452,1,Exposto
1453,1,Exposto
1454,1,Exposto
1455,2,Infectado
1456,1,Exposto
1457,1,Exposto
1458,1,Exposto
1459,1,Exposto
1460,1,Exposto
1461,2,Infectado
1462,1,Exposto
1463,1,Exposto
1464,1,Exposto
1465,3,Removido
1466,1,Exposto
1467,1,Exposto
1468,1,Exposto
1469,1,Exposto
1470,1,Exposto
1471,2,Infectado
1472,3,Removido
1473,3,Removido
1474,3,Removido
1475,1,Exposto
1476,1,Exposto
1477,1,Exposto
1478,1,Exposto
1479,3,Removido
1480,1,Exposto
1481,2,Infectado
1482,1,Exposto
1483,1,Exposto
1484,1,Exposto
1485,3,Removido
1486,1,Exposto
1487,3,Removido
1488,1,Exposto
1489,3,Removido
1490,3,Removido
1491,1,Exposto
1492,3,Removido
1493,1,Exposto
1494,2,Infectado
1495,3,Removido
1496,1,Exposto
1497,1,Exposto
1498,3,Removido
1499,3,Removido
1500,3,Removido
1501,1,Exposto
1502,3,Removido
1503,3,Removido
1504,1,Exposto
1505,3,Removido
1506,1,Exposto
1507,3,Removido
1508,3,Removido
1509,1,Exposto
1510,2,Infectado
1511,1,Exposto
1512,1,Exposto
1513,1,Exposto
1514,1,Exposto
1515,3,Removido
1516,1,Exposto
1517,1,Exposto
1518,1,Exposto
1519,3,Removido
1520,1,Exposto
1521,3,Removido
1522,1,Exposto
1523,3,Removido
1524,1,Exposto
1525,3,Removido
1526,1,Exposto
1527,3,Removido
1528,2,Infectado
1529,1,Exposto
1530,1,Exposto
1531,3,Removido
1532,3,Removido
1533,3,Removido
1534,1,Exposto
1535,1,Exposto
1536,1,Exposto
1537,1,Exposto
1538,1,Exposto
1539,3,Removido
1540,1,Exposto
1541,1,Exposto
1542,1,Exposto
1543,3,Removido
1544,1,Exposto
1545,1,Exposto
1546,1,Exposto
1547,3,Removido
1548,3,Removido
1549,1,Exposto
1550,1,Exposto
1551,1,Exposto
1552,1,Exposto
1553,1,Exposto
1554,1,Exposto
1555,1,Exposto
1556,2,Infectado
1557,1,Exposto
1558,1,Exposto
1559,1,Exposto
1560,1,Exposto
1561,1,Exposto
1562,1,Exposto
1563,2,Infectado
1564,1,Exposto
1565,2,Infectado
1566,1,Exposto
1567,1,Exposto
1568,2,Infectado
1569,3,Removido
1570,1,Exposto
1571,1,Exposto
1572,1,Exposto
1573,1,Exposto
1574,2,Infectado
1575,1,Exposto
1576,1,Exposto
1577,1,Exposto
1578,3,Removido
1579,2,Infectado
1580,3,Removido
1581,1,Exposto
1582,1,Exposto
1583,3,Removido
1584,1,Exposto
1585,1,Exposto
1586,1,Exposto
1587,1,Exposto
1588,1,Exposto
1589,1,Exposto
1590,1,Exposto
1591,3,Removido
1592,3,Removido
1593,1,Exposto
1594,2,Infectado
1595,2,Infectado
1596,3,Removido
1597,1,Exposto
1598,1,Exposto
1599,1,Exposto
1600,3,Removido
1601,1,Exposto
1602,1,Exposto
1603,3,Removido
1604,3,Removido
1605,1,Exposto
1606,1,Exposto
1607,2,Infectado
1608,1,Exposto
1609,3,Removido
1610,1,Exposto
1611,1,Exposto
1612,1,Exposto
1613,1,Exposto
1614,3,Removido
1615,1,Exposto
1616,2,Infectado
1617,1,Exposto
1618,1,Exposto
1619,3,Removido
1620,1,Exposto
1621,1,Exposto
1622,1,Exposto
1623,2,Infectado
1624,3,Removido
1625,1,Exposto
1626,1,Exposto
1627,1,Exposto
1628,3,Removido
1629,1,Exposto
1630,1,Exposto
1631,3,Removido
1632,1,Exposto
1633,1,Exposto
1634,3,Removido
1635,1,Exposto
1636,1,Exposto
1637,2,Infectado
1638,3,Removido
1639,1,Exposto
1640,1,Exposto
1641,3,Removido
1642,3,Removido
1643,1,Exposto
1644,3,Removido
1645,1,Exposto
1646,1,Exposto
1647,1,Exposto
1648,3,Removido
1649,3,Removido
1650,1,Exposto
1651,1,Exposto
1652,2,Infectado
1653,3,Removido
1654,3,Removido
1655,3,Removido
1656,1,Exposto
1657,2,Infectado
1658,1,Exposto
1659,1,Exposto
1660,3,Removido
1661,1,Exposto
1662,1,Exposto
1663,1,Exposto
1664,1,Exposto
1665,3,Removido
1666,1,Exposto
1667,3,Removido
1668,3,Removido
1669,1,Exposto
1670,1,Exposto
1671,1,Exposto
1672,1,Exposto
1673,1,Exposto
1674,1,Exposto
1675,1,Exposto
1676,3,Removido
1677,1,Exposto
1678,1,Exposto
1679,3,Removido
1680,1,Exposto
1681,3,Removido
1682,1,Exposto
1683,1,Exposto
1685,1,Exposto
1686,1,Exposto
1687,2,Infectado
1688,1,Exposto
1689,1,Exposto
1690,1,Exposto
1691,1,Exposto
1692,3,Removido
1693,2,Infectado
1694,1,Exposto
1695,1,Exposto
1696,1,Exposto
1697,1,Exposto
1698,2,Infectado
1699,1,Exposto
1700,3,Removido
1701,3,Removido
1702,3,Removido
1703,3,Removido
1704,1,Exposto
1705,1,Exposto
1706,1,Exposto
1707,3,Removido
1708,1,Exposto
1709,3,Removido
1710,2,Infectado
1711,1,Exposto
1712,3,Removido
1713,1,Exposto
1714,3,Removido
1715,1,Exposto
1716,2,Infectado
1717,1,Exposto
1718,1,Exposto
1719,1,Exposto
1720,3,Removido
1721,1,Exposto
1722,1,Exposto
1723,3,Removido
1724,1,Exposto
1725,3,Removido
1726,1,Exposto
1727,1,Exposto
1728,3,Removido
1729,3,Removido
1730,1,Exposto
1731,1,Exposto
1732,1,Exposto
1733,2,Infectado
1734,1,Exposto
1735,1,Exposto
1736,1,Exposto
1737,1,Exposto
1738,3,Removido
1739,1,Exposto
1740,3,Removido
1741,3,Removido
1742,1,Exposto
1743,3,Removido
1744,2,Infectado
1745,1,Exposto
1746,3,Removido
1747,1,Exposto
1748,1,Exposto
1749,1,Exposto
1750,3,Removido
1751,1,Exposto
1752,1,Exposto
1753,1,Exposto
1754,1,Exposto
1755,2,Infectado
1756,1,Exposto
1757,1,Exposto
1758,2,Infectado
1759,1,Exposto
1760,1,Exposto
1761,3,Removido
1762,1,Exposto
1763,3,Removido
1764,1,Exposto
1765,1,Exposto
1766,3,Removido
1767,3,Removido
1768,3,Removido
1769,1,Exposto
1770,2,Infectado
1771,3,Removido
1772,1,Exposto
1773,1,Exposto
1774,3,Removido
1775,3,Removido
1776,3,Removido
1777,1,Exposto
1778,1,Exposto
1779,3,Removido
1780,3,Removido
1781,3,Removido
1782,1,Exposto
1783,2,Infectado
1784,1,Exposto
1785,3,Removido
1786,1,Exposto
1787,3,Removido
1788,1,Exposto
1789,3,Removido
1790,3,Removido
1791,2,Infectado
1792,1,Exposto
1793,3,Removido
1794,1,Exposto
1795,3,Removido
1796,1,Exposto
1797,1,Exposto
1798,1,Exposto
1799,1,Exposto
1800,1,Exposto
1801,1,Exposto
1802,1,Exposto
1803,1,Exposto
1804,1,Exposto
1805,1,Exposto
1806,2,Infectado
1807,1,Exposto
1808,1,Exposto
1809,1,Exposto
1810,1,Exposto
1811,1,Exposto
1812,1,Exposto
1813,1,Exposto
1814,1,Exposto
1815,1,Exposto
1816,1,Exposto
1817,1,Exposto
1818,1,Exposto
1819,3,Removido
1820,3,Removido
1821,3,Removido
1822,1,Exposto
1823,1,Exposto
1824,3,Removido
1825,1,Exposto
1826,1,Exposto
1827,1,Exposto
1828,1,Exposto
1829,2,Infectado
1830,2,Infectado
1831,1,Exposto
1832,1,Exposto
1833,1,Exposto
1834,1,Exposto
1835,1,Exposto
1836,1,Exposto
1837,3,Removido
1838,1,Exposto
1839,1,Exposto
1840,1,Exposto
1841,3,Removido
1842,3,Removido
1843,1,Exposto
1844,3,Removido
1845,1,Exposto
1846,3,Removido
1847,2,Infectado
1848,1,Exposto
1849,1,Exposto
1850,1,Exposto
1851,1,Exposto
1852,2,Infectado
1853,1,Exposto
1854,3,Removido
1855,1,Exposto
1856,1,Exposto
1857,3,Removido
1858,1,Exposto
1859,1,Exposto
1860,1,Exposto
1861,1,Exposto
1862,3,Removido
1863,1,Exposto
1864,1,Exposto
1865,2,Infectado
1866,1,Exposto
1867,3,Removido
1868,2,Infectado
1869,2,Infectado
1870,3,Removido
1871,1,Exposto
1872,3,Removido
1873,3,Removido
1874,1,Exposto
1875,1,Exposto
1876,1,Exposto
1877,3,Removido
1878,3,Removido
1879,1,Exposto
1880,1,Exposto
1881,1,Exposto
1882,3,Removido
1883,1,Exposto
1884,3,Removido
1885,1,Exposto
1886,3,Removido
1887,2,Infectado
1888,2,Infectado
1889,1,Exposto
1890,1,Exposto
1891,3,Removido
1892,2,Infectado
1893,3,Removido
1894,3,Removido
1895,3,Removido
1896,3,Removido
1897,1,Exposto
1898,1,Exposto
1899,1,Exposto
1900,3,Removido
1901,2,Infectado
1902,1,Exposto
1903,3,Removido
1904,1,Exposto
1905,3,Removido
1906,1,Exposto
1907,1,Exposto
1908,1,Exposto
1909,1,Exposto
1910,1,Exposto
1911,1,Exposto
1926,3,Removido
1932,1,Exposto
1939,1,Exposto
1945,3,Removido
1951,2,Infectado
1955,3,Removido
1972,1,Exposto
1973,1,Exposto
1976,1,Exposto
1991,1,Exposto
1995,1,Exposto
1998,1,Exposto
2001,2,Infectado
2004,1,Exposto
2007,1,Exposto
2009,3,Removido
2018,1,Exposto
2024,1,Exposto
2027,1,Exposto
2032,3,Removido
2038,1,Exposto
2039,1,Exposto
2042,1,Exposto
2054,1,Exposto
2068,3,Removido
2071,1,Exposto
2072,1,Exposto
2081,1,Exposto
2102,2,Infectado
2111,1,Exposto
2116,1,Exposto
2117,1,Exposto
2127,1,Exposto
2128,3,Removido
2133,1,Exposto
2135,1,Exposto
2138,3,Removido
2143,3,Removido
2153,1,Exposto
2157,1,Exposto
2171,1,Exposto
2174,3,Removido
2180,1,Exposto
2183,2,Infectado
2187,1,Exposto
2189,1,Exposto
2199,3,Removido
2203,1,Exposto
2223,1,Exposto
2224,1,Exposto
2225,1,Exposto
2247,3,Removido
2250,3,Removido
2254,3,Removido
2264,1,Exposto
2267,3,Removido
2268,1,Exposto
2279,3,Removido
2283,3,Removido
2284,3,Removido
2289,1,Exposto
2292,3,Removido
2302,3,Removido
2319,1,Exposto
2327,1,Exposto
2336,3,Removido
2337,1,Exposto
2364,3,Removido
2378,3,Removido
2384,1,Exposto
2398,1,Exposto
2417,1,Exposto
2436,1,Exposto
2445,1,Exposto
2447,3,Removido
2451,2,Infectado
2458,3,Removido
2459,3,Removido
2461,3,Removido
2463,1,Exposto
2471,3,Removido
2472,3,Removido
2475,1,Exposto
2491,1,Exposto
2494,1,Exposto
2498,1,Exposto
2502,1,Exposto
2508,2,Infectado
2510,3,Removido
2511,3,Removido
2529,1,Exposto
2533,3,Removido
2538,1,Exposto
2543,1,Exposto
2547,1,Exposto
2571,1,Exposto
2583,1,Exposto
2589,1,Exposto
2598,3,Removido
2617,2,Infectado
2629,3,Removido
2635,3,Removido
2636,3,Removido
2640,3,Removido
2643,1,Exposto
2647,3,Removido
2649,1,Exposto
2653,1,Exposto
2660,1,Exposto
2704,3,Removido
2740,1,Exposto
427,1,Exposto
464,1,Exposto
549,1,Exposto
351,1,Exposto
364,1,Exposto
393,1,Exposto
399,1,Exposto
441,2,Infectado
476,1,Exposto
501,3,Removido
564,1,Exposto
349,2,Infectado
350,1,Exposto
352,1,Exposto
354,3,Removido
355,1,Exposto
356,2,Infectado
357,2,Infectado
358,1,Exposto
359,3,Removido
360,3,Removido
361,1,Exposto
362,1,Exposto
365,2,Infectado
367,1,Exposto
368,1,Exposto
369,1,Exposto
370,1,Exposto
371,1,Exposto
372,1,Exposto
373,1,Exposto
374,3,Removido
375,1,Exposto
377,0,Suscetível
378,1,Exposto
379,1,Exposto
380,1,Exposto
381,1,Exposto
382,2,Infectado
383,2,Infectado
384,1,Exposto
385,1,Exposto
386,1,Exposto
387,1,Exposto
388,2,Infectado
390,3,Removido
391,1,Exposto
392,3,Removido
394,1,Exposto
395,1,Exposto
396,3,Removido
397,1,Exposto
398,1,Exposto
400,2,Infectado
401,1,Exposto
402,1,Exposto
403,2,Infectado
404,1,Exposto
405,2,Infectado
406,1,Exposto
407,1,Exposto
408,3,Removido
409,1,Exposto
410,3,Removido
411,1,Exposto
412,1,Exposto
413,1,Exposto
415,1,Exposto
416,2,Infectado
417,3,Removido
418,1,Exposto
419,1,Exposto
421,1,Exposto
422,3,Removido
423,3,Removido
424,1,Exposto
425,2,Infectado
426,2,Infectado
429,1,Exposto
430,2,Infectado
431,2,Infectado
432,1,Exposto
433,1,Exposto
434,1,Exposto
435,1,Exposto
436,1,Exposto
437,1,Exposto
438,1,Exposto
439,3,Removido
440,1,Exposto
442,1,Exposto
443,1,Exposto
444,1,Exposto
445,1,Exposto
446,1,Exposto
447,0,Suscetível
448,1,Exposto
449,1,Exposto
450,1,Exposto
451,3,Removido
452,1,Exposto
453,2,Infectado
454,2,Infectado
455,2,Infectado
456,3,Removido
457,2,Infectado
458,1,Exposto
459,1,Exposto
460,1,Exposto
461,3,Removido
462,3,Removido
463,1,Exposto
465,3,Removido
466,2,Infectado
467,2,Infectado
468,1,Exposto
469,2,Infectado
470,1,Exposto
471,1,Exposto
472,3,Removido
473,3,Removido
474,1,Exposto
477,2,Infectado
478,2,Infectado
479,1,Exposto
480,3,Removido
481,1,Exposto
482,1,Exposto
485,3,Removido
486,3,Removido
487,2,Infectado
488,1,Exposto
489,1,Exposto
490,3,Removido
491,1,Exposto
492,1,Exposto
493,1,Exposto
494,3,Removido
495,1,Exposto
496,1,Exposto
497,1,Exposto
498,1,Exposto
499,3,Removido
500,3,Removido
502,1,Exposto
503,3,Removido
504,1,Exposto
505,1,Exposto
506,3,Removido
507,2,Infectado
508,2,Infectado
509,3,Removido
510,3,Removido
511,1,Exposto
512,3,Removido
513,3,Removido
514,1,Exposto
515,2,Infectado
516,2,Infectado
518,2,Infectado
519,3,Removido
520,1,Exposto
521,1,Exposto
522,1,Exposto
523,3,Removido
524,3,Removido
525,1,Exposto
527,1,Exposto
528,1,Exposto
529,3,Removido
530,1,Exposto
531,3,Removido
532,2,Infectado
533,2,Infectado
534,1,Exposto
535,1,Exposto
536,1,Exposto
537,3,Removido
539,3,Removido
540,1,Exposto
541,1,Exposto
542,1,Exposto
543,1,Exposto
544,1,Exposto
545,3,Removido
546,1,Exposto
547,2,Infectado
548,1,Exposto
550,2,Infectado
551,1,Exposto
552,1,Exposto
553,2,Infectado
554,1,Exposto
555,3,Removido
556,1,Exposto
557,3,Removido
558,1,Exposto
559,1,Exposto
560,1,Exposto
561,1,Exposto
562,1,Exposto
565,3,Removido
567,3,Removido
568,3,Removido
569,2,Infectado
570,1,Exposto
571,1,Exposto
572,2,Infectado
591,1,Exposto
656,1,Exposto
669,1,Exposto
604,1,Exposto
645,3,Removido
646,1,Exposto
666,2,Infectado
683,1,Exposto
587,1,Exposto
590,3,Removido
614,1,Exposto
634,1,Exposto
680,3,Removido
586,1,Exposto
610,1,Exposto
652,3,Removido
673,3,Removido
676,2,Infectado
620,3,Removido
574,1,Exposto
630,1,Exposto
678,1,Exposto
593,1,Exposto
609,1,Exposto
573,3,Removido
575,1,Exposto
576,1,Exposto
577,1,Exposto
578,1,Exposto
579,3,Removido
581,2,Infectado
582,2,Infectado
583,3,Removido
584,1,Exposto
585,1,Exposto
588,1,Exposto
589,1,Exposto
592,2,Infectado
594,3,Removido
595,1,Exposto
597,1,Exposto
598,1,Exposto
599,2,Infectado
600,1,Exposto
602,3,Removido
603,3,Removido
605,2,Infectado
607,1,Exposto
608,1,Exposto
611,3,Removido
612,2,Infectado
613,1,Exposto
615,1,Exposto
616,3,Removido
617,2,Infectado
618,3,Removido
619,1,Exposto
621,1,Exposto
622,3,Removido
623,1,Exposto
624,1,Exposto
625,1,Exposto
626,2,Infectado
627,2,Infectado
628,1,Exposto
631,2,Infectado
632,1,Exposto
633,1,Exposto
635,1,Exposto
636,1,Exposto
638,3,Removido
639,3,Removido
640,3,Removido
642,1,Exposto
643,2,Infectado
644,3,Removido
647,3,Removido
648,1,Exposto
650,3,Removido
653,3,Removido
654,1,Exposto
655,2,Infectado
657,1,Exposto
658,1,Exposto
659,2,Infectado
660,1,Exposto
661,2,Infectado
662,1,Exposto
663,3,Removido
664,1,Exposto
665,1,Exposto
667,1,Exposto
668,1,Exposto
670,1,Exposto
671,1,Exposto
672,3,Removido
674,1,Exposto
675,1,Exposto
677,3,Removido
679,3,Removido
681,3,Removido
682,1,Exposto
684,3,Removido
685,2,Infectado
1967,3,Removido
3437,1,Exposto
3454,2,Infectado
3487,2,Infectado
3723,1,Exposto
3861,2,Infectado
3961,1,Exposto
3980,1,Exposto
3989,1,Exposto
4011,0,Suscetível
4031,1,Exposto
686,1,Exposto
687,1,Exposto
688,1,Exposto
689,2,Infectado
690,1,Exposto
691,1,Exposto
692,1,Exposto
693,1,Exposto
694,3,Removido
695,1,Exposto
696,1,Exposto
697,1,Exposto
698,1,Exposto
699,2,Infectado
700,2,Infectado
701,1,Exposto
702,2,Infectado
703,1,Exposto
704,1,Exposto
705,1,Exposto
706,3,Removido
707,1,Exposto
708,3,Removido
709,3,Removido
710,1,Exposto
711,2,Infectado
712,1,Exposto
713,1,Exposto
714,1,Exposto
715,1,Exposto
716,1,Exposto
717,1,Exposto
718,3,Removido
719,3,Removido
720,3,Removido
721,2,Infectado
722,3,Removido
723,1,Exposto
724,1,Exposto
725,1,Exposto
726,1,Exposto
727,1,Exposto
728,3,Removido
729,1,Exposto
730,1,Exposto
731,1,Exposto
732,2,Infectado
733,1,Exposto
734,2,Infectado
735,1,Exposto
736,1,Exposto
737,2,Infectado
738,3,Removido
739,3,Removido
740,1,Exposto
741,3,Removido
742,1,Exposto
743,2,Infectado
744,1,Exposto
745,1,Exposto
746,1,Exposto
747,3,Removido
748,1,Exposto
749,1,Exposto
750,2,Infectado
751,3,Removido
752,1,Exposto
753,2,Infectado
754,1,Exposto
755,1,Exposto
756,1,Exposto
757,1,Exposto
758,1,Exposto
759,3,Removido
760,3,Removido
761,1,Exposto
762,1,Exposto
763,2,Infectado
764,1,Exposto
765,2,Infectado
766,3,Removido
767,1,Exposto
768,1,Exposto
769,2,Infectado
770,1,Exposto
771,1,Exposto
772,3,Removido
773,3,Removido
774,1,Exposto
775,2,Infectado
776,2,Infectado
777,1,Exposto
778,3,Removido
779,3,Removido
780,1,Exposto
781,3,Removido
782,2,Infectado
783,2,Infectado
784,2,Infectado
785,1,Exposto
786,2,Infectado
787,3,Removido
788,1,Exposto
789,2,Infectado
790,1,Exposto
791,1,Exposto
792,1,Exposto
793,1,Exposto
794,3,Removido
795,1,Exposto
796,1,Exposto
797,1,Exposto
798,2,Infectado
799,1,Exposto
800,1,Exposto
801,1,Exposto
802,1,Exposto
803,3,Removido
804,1,Exposto
805,3,Removido
806,2,Infectado
807,1,Exposto
808,1,Exposto
809,1,Exposto
810,3,Removido
811,2,Infectado
812,1,Exposto
813,1,Exposto
814,1,Exposto
815,1,Exposto
816,1,Exposto
817,1,Exposto
818,2,Infectado
819,1,Exposto
820,3,Removido
821,3,Removido
822,1,Exposto
823,1,Exposto
824,1,Exposto
825,1,Exposto
826,3,Removido
827,1,Exposto
828,3,Removido
829,1,Exposto
830,3,Removido
831,3,Removido
832,1,Exposto
833,1,Exposto
834,1,Exposto
835,1,Exposto
836,1,Exposto
837,1,Exposto
838,1,Exposto
839,1,Exposto
840,1,Exposto
841,2,Infectado
842,1,Exposto
843,1,Exposto
844,1,Exposto
845,1,Exposto
846,1,Exposto
847,1,Exposto
848,3,Removido
849,1,Exposto
850,1,Exposto
851,3,Removido
852,1,Exposto
853,3,Removido
854,2,Infectado
855,1,Exposto
856,3,Removido
890,1,Exposto
857,1,Exposto
858,3,Removido
859,1,Exposto
860,3,Removido
861,2,Infectado
862,1,Exposto
863,2,Infectado
864,2,Infectado
865,2,Infectado
866,1,Exposto
867,1,Exposto
868,3,Removido
869,1,Exposto
870,2,Infectado
871,1,Exposto
872,1,Exposto
873,2,Infectado
874,2,Infectado
875,1,Exposto
876,1,Exposto
877,1,Exposto
878,1,Exposto
879,1,Exposto
880,3,Removido
881,1,Exposto
882,2,Infectado
883,2,Infectado
884,2,Infectado
885,2,Infectado
886,1,Exposto
887,1,Exposto
888,2,Infectado
889,1,Exposto
891,2,Infectado
892,2,Infectado
893,1,Exposto
894,1,Exposto
895,1,Exposto
3456,1,Exposto
3495,1,Exposto
3586,1,Exposto
3621,1,Exposto
3626,1,Exposto
3797,1,Exposto
3501,1,Exposto
3517,1,Exposto
3550,3,Removido
3577,2,Infectado
3592,2,Infectado
3609,1,Exposto
3633,2,Infectado
3677,1,Exposto
3684,1,Exposto
3721,1,Exposto
3779,1,Exposto
3872,3,Removido
3948,1,Exposto
2678,1,Exposto
2760,1,Exposto
2822,1,Exposto
2883,1,Exposto
2941,2,Infectado
2968,3,Removido
3005,1,Exposto
3057,1,Exposto
3136,1,Exposto
3164,3,Removido
3222,1,Exposto
3245,1,Exposto
3248,3,Removido
3263,1,Exposto
3278,2,Infectado
3328,1,Exposto
3361,2,Infectado
3440,1,Exposto
3525,2,Infectado
3540,1,Exposto
3556,2,Infectado
3561,1,Exposto
3651,1,Exposto
3674,1,Exposto
3692,1,Exposto
3741,1,Exposto
3750,3,Removido
3756,1,Exposto
3830,1,Exposto
3851,1,Exposto
3877,3,Removido
3886,1,Exposto
3943,1,Exposto
3962,3,Removido
2677,3,Removido
2826,1,Exposto
2724,2,Infectado
2752,1,Exposto
2775,1,Exposto
2869,3,Removido
2892,1,Exposto
2962,1,Exposto
3001,1,Exposto
3019,1,Exposto
3100,1,Exposto
3162,3,Removido
3168,3,Removido
3233,1,Exposto
3295,3,Removido
3304,1,Exposto
3331,2,Infectado
3366,1,Exposto
3404,3,Removido
3406,1,Exposto
3412,1,Exposto
2813,1,Exposto
2971,1,Exposto
3034,1,Exposto
3178,1,Exposto
3410,1,Exposto
3420,1,Exposto
2976,1,Exposto
3011,1,Exposto
3179,1,Exposto
3289,3,Removido
1920,3,Removido
1941,3,Removido
1948,1,Exposto
1959,2,Infectado
2028,1,Exposto
2047,1,Exposto
2053,1,Exposto
2065,1,Exposto
2087,1,Exposto
2125,1,Exposto
2132,3,Removido
2134,3,Removido
2148,1,Exposto
2149,3,Removido
2169,3,Removido
2191,3,Removido
2194,1,Exposto
2196,2,Infectado
2198,1,Exposto
2239,1,Exposto
2266,3,Removido
2282,3,Removido
2285,1,Exposto
2293,3,Removido
2315,2,Infectado
2328,3,Removido
2332,3,Removido
2333,1,Exposto
2338,3,Removido
2347,3,Removido
2351,1,Exposto
2368,1,Exposto
2372,1,Exposto
2385,1,Exposto
2399,1,Exposto
2420,1,Exposto
2496,3,Removido
2501,3,Removido
2509,1,Exposto
2512,1,Exposto
2516,1,Exposto
2530,3,Removido
2542,1,Exposto
2555,1,Exposto
2567,1,Exposto
2592,1,Exposto
2597,1,Exposto
2608,1,Exposto
2642,1,Exposto
2725,1,Exposto
2734,3,Removido
2764,1,Exposto
2964,3,Removido
3020,1,Exposto
3062,1,Exposto
3079,1,Exposto
3165,1,Exposto
3205,1,Exposto
3258,3,Removido
3386,1,Exposto
3409,1,Exposto
2693,1,Exposto
2979,1,Exposto
3101,1,Exposto
3265,1,Exposto
3385,3,Removido
1913,1,Exposto
1916,3,Removido
1940,3,Removido
1947,1,Exposto
1954,3,Removido
1994,1,Exposto
2002,3,Removido
2010,1,Exposto
2026,1,Exposto
2052,1,Exposto
2062,1,Exposto
2101,1,Exposto
2137,1,Exposto
2144,1,Exposto
2151,1,Exposto
2163,1,Exposto
2176,1,Exposto
2215,1,Exposto
2241,1,Exposto
2246,1,Exposto
2273,3,Removido
2294,1,Exposto
2295,3,Removido
2298,1,Exposto
2343,3,Removido
2344,3,Removido
2355,3,Removido
2377,3,Removido
2389,3,Removido
2394,3,Removido
2413,3,Removido
2419,3,Removido
2465,2,Infectado
2468,3,Removido
2519,1,Exposto
2544,1,Exposto
2582,1,Exposto
2588,3,Removido
2594,1,Exposto
2605,2,Infectado
2609,1,Exposto
2616,1,Exposto
2903,1,Exposto
2938,1,Exposto
2999,2,Infectado
3201,1,Exposto
3319,3,Removido
3355,1,Exposto
3097,1,Exposto
2707,1,Exposto
3111,3,Removido
3186,1,Exposto
2661,1,Exposto
2662,3,Removido
2663,1,Exposto
2664,2,Infectado
2665,3,Removido
2666,1,Exposto
2667,1,Exposto
2668,1,Exposto
2669,3,Removido
2670,1,Exposto
2671,1,Exposto
2672,1,Exposto
2673,1,Exposto
2674,3,Removido
2675,3,Removido
2676,2,Infectado
2679,1,Exposto
2680,3,Removido
2681,1,Exposto
2682,3,Removido
2683,2,Infectado
2684,1,Exposto
2685,1,Exposto
2686,3,Removido
2687,2,Infectado
2688,1,Exposto
2689,3,Removido
2690,1,Exposto
2691,3,Removido
2692,1,Exposto
2694,3,Removido
2695,3,Removido
2696,1,Exposto
2697,1,Exposto
2698,2,Infectado
2699,1,Exposto
2700,3,Removido
2701,1,Exposto
2702,2,Infectado
2703,1,Exposto
2705,1,Exposto
2706,3,Removido
2708,1,Exposto
2709,1,Exposto
2710,1,Exposto
2711,3,Removido
2712,3,Removido
2713,1,Exposto
2714,1,Exposto
2715,1,Exposto
2716,1,Exposto
2717,1,Exposto
2718,1,Exposto
2719,3,Removido
2720,1,Exposto
2721,1,Exposto
2722,3,Removido
2723,3,Removido
2726,1,Exposto
2727,1,Exposto
2728,1,Exposto
2729,1,Exposto
2730,1,Exposto
2731,2,Infectado
2732,1,Exposto
2733,1,Exposto
2735,3,Removido
2736,1,Exposto
2737,1,Exposto
2738,1,Exposto
2739,1,Exposto
2741,3,Removido
2742,1,Exposto
2743,1,Exposto
2744,2,Infectado
2745,2,Infectado
2746,1,Exposto
2747,1,Exposto
2748,1,Exposto
2749,2,Infectado
2750,3,Removido
2751,1,Exposto
2753,1,Exposto
2754,3,Removido
2755,1,Exposto
2756,3,Removido
2757,1,Exposto
2758,3,Removido
2759,3,Removido
2761,1,Exposto
2762,1,Exposto
2763,1,Exposto
2765,1,Exposto
2766,1,Exposto
2767,3,Removido
2768,1,Exposto
2769,1,Exposto
2770,1,Exposto
2771,1,Exposto
2772,2,Infectado
2773,1,Exposto
2774,3,Removido
2776,1,Exposto
2777,3,Removido
2778,3,Removido
2779,1,Exposto
2780,2,Infectado
2781,3,Removido
2782,2,Infectado
2783,1,Exposto
2784,2,Infectado
2785,2,Infectado
2786,3,Removido
2787,3,Removido
2788,3,Removido
2789,2,Infectado
2790,2,Infectado
2791,3,Removido
2792,1,Exposto
2793,1,Exposto
2794,1,Exposto
2795,3,Removido
2796,2,Infectado
2797,3,Removido
2798,1,Exposto
2799,1,Exposto
2800,3,Removido
2801,2,Infectado
2802,3,Removido
2803,1,Exposto
2804,3,Removido
2805,3,Removido
2806,1,Exposto
2807,1,Exposto
2808,1,Exposto
2809,1,Exposto
2810,1,Exposto
2811,1,Exposto
2812,1,Exposto
2815,3,Removido
2816,3,Removido
2817,1,Exposto
2818,3,Removido
2819,1,Exposto
2820,1,Exposto
2821,1,Exposto
2823,1,Exposto
2824,2,Infectado
2825,1,Exposto
2827,2,Infectado
2828,1,Exposto
2829,1,Exposto
2830,1,Exposto
2831,1,Exposto
2832,1,Exposto
2833,1,Exposto
2834,3,Removido
2835,1,Exposto
2836,1,Exposto
2837,3,Removido
2839,1,Exposto
2840,3,Removido
2841,1,Exposto
2842,2,Infectado
2843,1,Exposto
2844,1,Exposto
2845,1,Exposto
2846,1,Exposto
2847,1,Exposto
2848,2,Infectado
2849,1,Exposto
2850,1,Exposto
2851,3,Removido
2852,1,Exposto
2853,3,Removido
2854,3,Removido
2855,3,Removido
2856,1,Exposto
2857,1,Exposto
2858,1,Exposto
2859,3,Removido
2860,1,Exposto
2861,1,Exposto
2862,1,Exposto
2863,1,Exposto
2864,1,Exposto
2865,1,Exposto
2866,1,Exposto
2867,1,Exposto
2868,2,Infectado
2870,3,Removido
2871,1,Exposto
2872,3,Removido
2873,2,Infectado
2874,1,Exposto
2875,3,Removido
2876,1,Exposto
2877,1,Exposto
2878,2,Infectado
2879,1,Exposto
2880,3,Removido
2881,1,Exposto
2882,1,Exposto
2884,1,Exposto
2886,1,Exposto
2887,1,Exposto
2888,3,Removido
2889,3,Removido
2890,1,Exposto
2891,2,Infectado
2893,3,Removido
2894,1,Exposto
2895,3,Removido
2896,1,Exposto
2897,3,Removido
2898,1,Exposto
2899,1,Exposto
2900,1,Exposto
2901,1,Exposto
2902,1,Exposto
2904,1,Exposto
2905,1,Exposto
2906,1,Exposto
2907,1,Exposto
2908,1,Exposto
2909,1,Exposto
2910,1,Exposto
2911,1,Exposto
2912,2,Infectado
2913,1,Exposto
2914,1,Exposto
2915,2,Infectado
2916,1,Exposto
2917,1,Exposto
2918,1,Exposto
2919,3,Removido
2920,1,Exposto
2921,1,Exposto
2922,1,Exposto
2923,1,Exposto
2924,3,Removido
2925,3,Removido
2926,3,Removido
2927,3,Removido
2928,1,Exposto
2929,3,Removido
2930,3,Removido
2931,3,Removido
2932,3,Removido
2933,1,Exposto
2934,1,Exposto
2935,1,Exposto
2936,1,Exposto
2937,1,Exposto
2939,3,Removido
2940,2,Infectado
2942,1,Exposto
2943,2,Infectado
2944,1,Exposto
2945,1,Exposto
2946,1,Exposto
2947,3,Removido
2948,1,Exposto
2949,1,Exposto
2950,1,Exposto
2951,3,Removido
2952,3,Removido
2953,1,Exposto
2954,1,Exposto
2955,1,Exposto
2956,3,Removido
2957,1,Exposto
2958,1,Exposto
2959,1,Exposto
2960,3,Removido
2961,1,Exposto
2963,3,Removido
2965,1,Exposto
2966,1,Exposto
2967,1,Exposto
2969,1,Exposto
2970,1,Exposto
2972,1,Exposto
2973,3,Removido
2974,1,Exposto
2975,1,Exposto
2977,1,Exposto
2978,1,Exposto
2980,1,Exposto
2981,1,Exposto
2982,2,Infectado
2983,3,Removido
2984,3,Removido
2985,2,Infectado
2986,3,Removido
2987,1,Exposto
2988,2,Infectado
2989,1,Exposto
2990,1,Exposto
2991,1,Exposto
2992,3,Removido
2993,3,Removido
2994,1,Exposto
2995,1,Exposto
2996,3,Removido
2997,1,Exposto
2998,2,Infectado
3000,2,Infectado
3002,1,Exposto
3004,1,Exposto
3006,3,Removido
3007,3,Removido
3008,2,Infectado
3009,3,Removido
3010,1,Exposto
3012,3,Removido
3013,1,Exposto
3014,1,Exposto
3015,3,Removido
3016,1,Exposto
3017,3,Removido
3018,1,Exposto
3021,2,Infectado
3022,1,Exposto
3023,3,Removido
3024,1,Exposto
3025,1,Exposto
3026,1,Exposto
3027,2,Infectado
3028,1,Exposto
3029,3,Removido
3030,1,Exposto
3031,1,Exposto
3032,1,Exposto
3033,1,Exposto
3035,3,Removido
3036,3,Removido
3037,1,Exposto
3038,1,Exposto
3039,1,Exposto
3040,1,Exposto
3041,3,Removido
3042,1,Exposto
3043,2,Infectado
3044,1,Exposto
3045,1,Exposto
3046,1,Exposto
3047,1,Exposto
3048,1,Exposto
3049,1,Exposto
3050,3,Removido
3051,1,Exposto
3052,2,Infectado
3053,1,Exposto
3054,3,Removido
3055,3,Removido
3056,1,Exposto
3058,1,Exposto
3059,3,Removido
3060,3,Removido
3061,3,Removido
3063,2,Infectado
3064,1,Exposto
3065,1,Exposto
3066,3,Removido
3067,1,Exposto
3068,1,Exposto
3069,1,Exposto
3070,3,Removido
3071,0,Suscetível
3072,1,Exposto
3073,1,Exposto
3074,1,Exposto
3075,3,Removido
3076,3,Removido
3077,3,Removido
3078,3,Removido
3080,1,Exposto
3081,1,Exposto
3082,1,Exposto
3083,3,Removido
3084,1,Exposto
3085,3,Removido
3086,1,Exposto
3087,1,Exposto
3088,1,Exposto
3089,1,Exposto
3090,1,Exposto
3091,1,Exposto
3092,1,Exposto
3093,1,Exposto
3094,3,Removido
3095,3,Removido
3096,1,Exposto
3098,1,Exposto
3099,1,Exposto
3102,3,Removido
3103,1,Exposto
3104,1,Exposto
3105,3,Removido
3106,1,Exposto
3107,3,Removido
3108,3,Removido
3109,3,Removido
3110,1,Exposto
3112,3,Removido
3113,1,Exposto
3114,1,Exposto
3115,1,Exposto
3116,3,Removido
3117,1,Exposto
3118,1,Exposto
3119,1,Exposto
3120,3,Removido
3121,1,Exposto
3122,1,Exposto
3123,1,Exposto
3124,1,Exposto
3125,2,Infectado
3126,3,Removido
3127,1,Exposto
3128,1,Exposto
3129,2,Infectado
3130,1,Exposto
3131,1,Exposto
3132,3,Removido
3133,1,Exposto
3134,3,Removido
3135,1,Exposto
3137,1,Exposto
3138,1,Exposto
3139,1,Exposto
3140,1,Exposto
3141,2,Infectado
3142,3,Removido
3143,2,Infectado
3144,2,Infectado
3145,3,Removido
3146,1,Exposto
3147,3,Removido
3148,3,Removido
3149,3,Removido
3150,1,Exposto
3151,1,Exposto
3152,1,Exposto
3153,3,Removido
3154,1,Exposto
3155,3,Removido
3156,3,Removido
3157,1,Exposto
3158,3,Removido
3159,1,Exposto
3160,1,Exposto
3161,3,Removido
3163,3,Removido
3166,2,Infectado
3167,3,Removido
3169,2,Infectado
3170,3,Removido
3171,3,Removido
3172,1,Exposto
3174,3,Removido
3175,3,Removido
3176,1,Exposto
3177,1,Exposto
3180,2,Infectado
3181,1,Exposto
3182,2,Infectado
3183,3,Removido
3184,3,Removido
3185,1,Exposto
3187,1,Exposto
3188,1,Exposto
3189,1,Exposto
3190,3,Removido
3191,3,Removido
3192,1,Exposto
3193,3,Removido
3194,1,Exposto
3195,1,Exposto
3196,1,Exposto
3197,1,Exposto
3198,3,Removido
3199,1,Exposto
3200,1,Exposto
3202,1,Exposto
3203,1,Exposto
3204,3,Removido
3206,1,Exposto
3207,1,Exposto
3208,3,Removido
3209,1,Exposto
3210,3,Removido
3211,3,Removido
3212,1,Exposto
3213,1,Exposto
3214,1,Exposto
3215,3,Removido
3216,1,Exposto
3217,3,Removido
3218,2,Infectado
3219,3,Removido
3220,1,Exposto
3221,2,Infectado
3223,1,Exposto
3224,1,Exposto
3225,1,Exposto
3226,3,Removido
3227,3,Removido
3228,1,Exposto
3229,1,Exposto
3230,1,Exposto
3231,3,Removido
3232,1,Exposto
3234,1,Exposto
3235,1,Exposto
3236,3,Removido
3237,3,Removido
3238,2,Infectado
3239,3,Removido
3240,1,Exposto
3241,3,Removido
3242,1,Exposto
3243,1,Exposto
3244,2,Infectado
3246,1,Exposto
3247,1,Exposto
3249,1,Exposto
3250,2,Infectado
3251,1,Exposto
3252,3,Removido
3253,3,Removido
3254,1,Exposto
3255,3,Removido
3256,1,Exposto
3257,3,Removido
3259,1,Exposto
3260,3,Removido
3261,2,Infectado
3262,2,Infectado
3264,3,Removido
3266,1,Exposto
3267,1,Exposto
3268,1,Exposto
3269,3,Removido
3270,1,Exposto
3271,3,Removido
3272,3,Removido
3273,3,Removido
3274,1,Exposto
3275,1,Exposto
3276,1,Exposto
3277,1,Exposto
3279,1,Exposto
3280,1,Exposto
3281,1,Exposto
3282,3,Removido
3283,1,Exposto
3284,1,Exposto
3285,1,Exposto
3286,1,Exposto
3287,3,Removido
3288,3,Removido
3291,1,Exposto
3292,3,Removido
3293,2,Infectado
3294,2,Infectado
3296,2,Infectado
3297,1,Exposto
3298,3,Removido
3299,3,Removido
3300,1,Exposto
3301,3,Removido
3302,2,Infectado
3303,1,Exposto
3305,1,Exposto
3306,1,Exposto
3307,3,Removido
3308,2,Infectado
3309,3,Removido
3310,1,Exposto
3311,3,Removido
3312,3,Removido
3313,1,Exposto
3314,1,Exposto
3315,3,Removido
3316,2,Infectado
3317,1,Exposto
3318,1,Exposto
3320,3,Removido
3321,1,Exposto
3322,2,Infectado
3323,1,Exposto
3324,1,Exposto
3325,1,Exposto
3326,1,Exposto
3327,1,Exposto
3329,1,Exposto
3330,1,Exposto
3332,3,Removido
3333,1,Exposto
3334,1,Exposto
3335,3,Removido
3336,1,Exposto
3337,1,Exposto
3338,3,Removido
3339,1,Exposto
3340,3,Removido
3341,1,Exposto
3342,3,Removido
3343,1,Exposto
3344,1,Exposto
3345,1,Exposto
3346,1,Exposto
3347,3,Removido
3348,3,Removido
3349,1,Exposto
3350,3,Removido
3351,3,Removido
3352,3,Removido
3353,1,Exposto
3354,1,Exposto
3356,1,Exposto
3357,1,Exposto
3358,2,Infectado
3359,1,Exposto
3360,1,Exposto
3362,1,Exposto
3363,2,Infectado
3364,1,Exposto
3365,1,Exposto
3367,1,Exposto
3368,1,Exposto
3369,3,Removido
3370,3,Removido
3371,1,Exposto
3372,1,Exposto
3373,1,Exposto
3374,3,Removido
3375,1,Exposto
3376,3,Removido
3377,1,Exposto
3378,1,Exposto
3379,1,Exposto
3380,3,Removido
3381,1,Exposto
3382,1,Exposto
3383,1,Exposto
3384,1,Exposto
3387,1,Exposto
3388,1,Exposto
3389,2,Infectado
3390,1,Exposto
3391,3,Removido
3392,3,Removido
3393,2,Infectado
3394,3,Removido
3395,1,Exposto
3396,3,Removido
3397,3,Removido
3398,1,Exposto
3399,1,Exposto
3400,3,Removido
3401,1,Exposto
3402,1,Exposto
3403,3,Removido
3405,1,Exposto
3407,1,Exposto
3408,2,Infectado
3411,1,Exposto
3413,3,Removido
3414,1,Exposto
3415,3,Removido
3416,1,Exposto
3417,2,Infectado
3418,1,Exposto
3419,1,Exposto
3421,1,Exposto
3422,1,Exposto
3423,3,Removido
3424,2,Infectado
3425,3,Removido
3426,1,Exposto
3427,1,Exposto
3428,2,Infectado
3429,3,Removido
3430,1,Exposto
3431,1,Exposto
3432,3,Removido
3433,1,Exposto
3434,3,Removido
3435,1,Exposto
3436,3,Removido
2003,3,Removido
2031,1,Exposto
2155,1,Exposto
2185,1,Exposto
2325,1,Exposto
2330,3,Removido
1914,3,Removido
1915,2,Infectado
1917,1,Exposto
1918,3,Removido
1919,1,Exposto
1921,3,Removido
1922,3,Removido
1923,3,Removido
1924,1,Exposto
1925,1,Exposto
1927,2,Infectado
1928,1,Exposto
1929,1,Exposto
1930,1,Exposto
1931,3,Removido
1933,3,Removido
1934,3,Removido
1935,1,Exposto
1936,3,Removido
1937,1,Exposto
1938,1,Exposto
1942,3,Removido
1943,1,Exposto
1944,1,Exposto
1946,2,Infectado
1949,3,Removido
1950,1,Exposto
1952,1,Exposto
1953,3,Removido
1956,1,Exposto
1957,1,Exposto
1958,1,Exposto
1960,1,Exposto
1961,1,Exposto
1962,1,Exposto
1963,1,Exposto
1964,3,Removido
1965,2,Infectado
1966,1,Exposto
1968,1,Exposto
1969,3,Removido
1970,3,Removido
1971,1,Exposto
1974,1,Exposto
1975,1,Exposto
1977,1,Exposto
1978,1,Exposto
1979,1,Exposto
1980,3,Removido
1981,1,Exposto
1982,1,Exposto
1983,1,Exposto
1984,3,Removido
1985,1,Exposto
1986,3,Removido
1987,3,Removido
1988,1,Exposto
1989,1,Exposto
1990,1,Exposto
1992,2,Infectado
1993,1,Exposto
1996,1,Exposto
1997,1,Exposto
1999,1,Exposto
2000,1,Exposto
2005,3,Removido
2006,1,Exposto
2008,1,Exposto
2011,3,Removido
2012,1,Exposto
2013,2,Infectado
2014,1,Exposto
2015,1,Exposto
2016,3,Removido
2017,1,Exposto
2019,2,Infectado
2020,3,Removido
2021,3,Removido
2022,1,Exposto
2023,1,Exposto
2025,3,Removido
2029,1,Exposto
2030,1,Exposto
2033,1,Exposto
2034,1,Exposto
2035,1,Exposto
2036,3,Removido
2037,1,Exposto
2040,1,Exposto
2041,1,Exposto
2043,1,Exposto
2044,1,Exposto
2045,1,Exposto
2046,1,Exposto
2048,3,Removido
2049,1,Exposto
2050,3,Removido
2051,1,Exposto
2055,1,Exposto
2056,3,Removido
2057,1,Exposto
2058,1,Exposto
2059,1,Exposto
2060,1,Exposto
2061,3,Removido
2063,3,Removido
2064,3,Removido
2066,1,Exposto
2067,1,Exposto
2069,1,Exposto
2070,3,Removido
2073,1,Exposto
2074,2,Infectado
2075,1,Exposto
2076,1,Exposto
2077,1,Exposto
2078,3,Removido
2079,1,Exposto
2080,1,Exposto
2082,1,Exposto
2083,1,Exposto
2084,1,Exposto
2085,1,Exposto
2086,1,Exposto
2088,1,Exposto
2089,2,Infectado
2090,3,Removido
2091,3,Removido
2092,1,Exposto
2093,1,Exposto
2094,2,Infectado
2095,3,Removido
2096,3,Removido
2097,2,Infectado
2098,3,Removido
2099,1,Exposto
2100,1,Exposto
2103,3,Removido
2104,3,Removido
2105,3,Removido
2106,2,Infectado
2107,2,Infectado
2108,1,Exposto
2109,1,Exposto
2110,1,Exposto
2112,1,Exposto
2113,3,Removido
2114,3,Removido
2115,3,Removido
2118,1,Exposto
2119,3,Removido
2120,3,Removido
2121,1,Exposto
2122,1,Exposto
2123,1,Exposto
2124,1,Exposto
2126,3,Removido
2129,3,Removido
2130,3,Removido
2131,3,Removido
2136,1,Exposto
2139,1,Exposto
2140,1,Exposto
2141,3,Removido
2142,1,Exposto
2145,3,Removido
2146,2,Infectado
2147,2,Infectado
2150,3,Removido
2152,1,Exposto
2154,1,Exposto
2156,3,Removido
2158,1,Exposto
2159,3,Removido
2160,1,Exposto
2161,1,Exposto
2162,3,Removido
2164,2,Infectado
2165,2,Infectado
2166,1,Exposto
2167,2,Infectado
2168,0,Suscetível
2170,2,Infectado
2172,3,Removido
2173,1,Exposto
2175,1,Exposto
2177,3,Removido
2178,2,Infectado
2179,1,Exposto
2181,3,Removido
2182,1,Exposto
2184,3,Removido
2186,3,Removido
2188,3,Removido
2190,3,Removido
2192,3,Removido
2193,1,Exposto
2195,2,Infectado
2197,1,Exposto
2200,1,Exposto
2201,1,Exposto
2202,1,Exposto
2204,1,Exposto
2205,1,Exposto
2206,1,Exposto
2207,1,Exposto
2208,3,Removido
2209,1,Exposto
2210,2,Infectado
2211,1,Exposto
2212,1,Exposto
2213,1,Exposto
2214,3,Removido
2216,1,Exposto
2217,1,Exposto
2218,1,Exposto
2219,2,Infectado
2220,1,Exposto
2221,3,Removido
2222,1,Exposto
2226,3,Removido
2227,1,Exposto
2228,3,Removido
2229,1,Exposto
2230,3,Removido
2231,3,Removido
2232,3,Removido
2233,1,Exposto
2234,1,Exposto
2235,1,Exposto
2236,1,Exposto
2237,3,Removido
2238,1,Exposto
2240,3,Removido
2242,2,Infectado
2243,3,Removido
2244,1,Exposto
2245,1,Exposto
2248,2,Infectado
2249,1,Exposto
2251,3,Removido
2252,3,Removido
2253,2,Infectado
2255,1,Exposto
2256,1,Exposto
2257,3,Removido
2258,1,Exposto
2259,3,Removido
2260,3,Removido
2261,2,Infectado
2262,1,Exposto
2263,3,Removido
2265,3,Removido
2269,2,Infectado
2270,1,Exposto
2271,3,Removido
2272,3,Removido
2274,1,Exposto
2275,2,Infectado
2276,1,Exposto
2277,1,Exposto
2278,1,Exposto
2280,1,Exposto
2281,1,Exposto
2286,1,Exposto
2287,1,Exposto
2288,3,Removido
2290,1,Exposto
2291,3,Removido
2296,1,Exposto
2297,1,Exposto
2299,1,Exposto
2300,3,Removido
2301,2,Infectado
2303,1,Exposto
2304,3,Removido
2305,1,Exposto
2306,3,Removido
2307,1,Exposto
2308,1,Exposto
2309,1,Exposto
2310,3,Removido
2311,1,Exposto
2312,3,Removido
2313,1,Exposto
2314,1,Exposto
2316,1,Exposto
2317,1,Exposto
2318,3,Removido
2320,1,Exposto
2321,3,Removido
2322,1,Exposto
2323,1,Exposto
2324,1,Exposto
2326,1,Exposto
2329,3,Removido
2331,1,Exposto
2334,3,Removido
2335,1,Exposto
2339,1,Exposto
2340,1,Exposto
2341,1,Exposto
2342,1,Exposto
2345,1,Exposto
2346,1,Exposto
2348,1,Exposto
2349,1,Exposto
2350,3,Removido
2352,3,Removido
2353,3,Removido
2354,3,Removido
2356,1,Exposto
2357,2,Infectado
2358,1,Exposto
2359,2,Infectado
2360,1,Exposto
2361,3,Removido
2362,2,Infectado
2363,3,Removido
2365,1,Exposto
2366,1,Exposto
2367,1,Exposto
2369,3,Removido
2370,1,Exposto
2371,1,Exposto
2373,1,Exposto
2374,3,Removido
2375,1,Exposto
2376,2,Infectado
2379,1,Exposto
2380,1,Exposto
2381,3,Removido
2382,2,Infectado
2383,1,Exposto
2386,3,Removido
2387,1,Exposto
2388,2,Infectado
2390,3,Removido
2391,1,Exposto
2392,3,Removido
2393,1,Exposto
2395,3,Removido
2396,3,Removido
2397,1,Exposto
2400,1,Exposto
2401,1,Exposto
2402,3,Removido
2403,1,Exposto
2404,3,Removido
2405,1,Exposto
2406,3,Removido
2407,1,Exposto
2408,3,Removido
2409,3,Removido
2410,1,Exposto
2411,1,Exposto
2412,3,Removido
2414,2,Infectado
2415,3,Removido
2416,1,Exposto
2418,3,Removido
2421,2,Infectado
2422,1,Exposto
2423,1,Exposto
2424,1,Exposto
2425,1,Exposto
2426,1,Exposto
2427,1,Exposto
2428,1,Exposto
2429,3,Removido
2430,1,Exposto
2431,2,Infectado
2432,1,Exposto
2433,1,Exposto
2434,1,Exposto
2435,1,Exposto
2437,1,Exposto
2438,1,Exposto
2439,1,Exposto
2440,2,Infectado
2441,3,Removido
2442,1,Exposto
2443,1,Exposto
2444,1,Exposto
2446,2,Infectado
2448,1,Exposto
2449,1,Exposto
2450,1,Exposto
2452,1,Exposto
2453,3,Removido
2454,1,Exposto
2455,3,Removido
2456,1,Exposto
2457,1,Exposto
2460,1,Exposto
2462,2,Infectado
2464,3,Removido
2466,1,Exposto
2467,3,Removido
2469,3,Removido
2470,2,Infectado
2473,3,Removido
2474,1,Exposto
2476,2,Infectado
2477,1,Exposto
2478,1,Exposto
2479,3,Removido
2480,1,Exposto
2481,2,Infectado
2482,1,Exposto
2483,2,Infectado
2484,1,Exposto
2485,1,Exposto
2486,1,Exposto
2487,1,Exposto
2488,1,Exposto
2489,1,Exposto
2490,1,Exposto
2492,1,Exposto
2493,1,Exposto
2495,1,Exposto
2497,3,Removido
2499,1,Exposto
2500,3,Removido
2503,1,Exposto
2504,3,Removido
2505,3,Removido
2506,1,Exposto
2507,1,Exposto
2513,1,Exposto
2514,2,Infectado
2515,1,Exposto
2517,1,Exposto
2518,2,Infectado
2520,1,Exposto
2521,1,Exposto
2522,1,Exposto
2523,1,Exposto
2524,1,Exposto
2525,1,Exposto
2526,1,Exposto
2527,2,Infectado
2528,2,Infectado
2531,1,Exposto
2532,1,Exposto
2534,1,Exposto
2535,1,Exposto
2536,1,Exposto
2537,1,Exposto
2539,3,Removido
2540,1,Exposto
2541,1,Exposto
2545,2,Infectado
2546,3,Removido
2548,1,Exposto
2549,1,Exposto
2550,3,Removido
2551,1,Exposto
2552,1,Exposto
2553,1,Exposto
2554,1,Exposto
2556,3,Removido
2557,1,Exposto
2558,2,Infectado
2559,3,Removido
2560,1,Exposto
2561,3,Removido
2562,3,Removido
2563,1,Exposto
2564,3,Removido
2565,1,Exposto
2566,1,Exposto
2568,1,Exposto
2569,2,Infectado
2570,2,Infectado
2572,1,Exposto
2573,1,Exposto
2574,3,Removido
2575,3,Removido
2576,1,Exposto
2577,1,Exposto
2578,1,Exposto
2579,1,Exposto
2580,1,Exposto
2581,1,Exposto
2584,3,Removido
2585,3,Removido
2586,3,Removido
2587,3,Removido
2590,3,Removido
2591,1,Exposto
2593,3,Removido
2595,1,Exposto
2596,3,Removido
2599,1,Exposto
2600,3,Removido
2601,1,Exposto
2602,1,Exposto
2603,2,Infectado
2604,3,Removido
2606,1,Exposto
2607,1,Exposto
2610,1,Exposto
2611,3,Removido
2612,1,Exposto
2613,1,Exposto
2614,3,Removido
2615,3,Removido
2618,1,Exposto
2619,1,Exposto
2620,1,Exposto
2621,2,Infectado
2622,1,Exposto
2623,3,Removido
2624,1,Exposto
2625,3,Removido
2626,1,Exposto
2627,1,Exposto
2628,1,Exposto
2630,1,Exposto
2631,1,Exposto
2632,3,Removido
2633,1,Exposto
2634,3,Removido
2637,1,Exposto
2638,3,Removido
2639,3,Removido
2641,1,Exposto
2644,1,Exposto
2645,3,Removido
2646,1,Exposto
2648,1,Exposto
2650,1,Exposto
2651,3,Removido
2652,2,Infectado
2654,2,Infectado
2655,1,Exposto
2656,2,Infectado
2657,3,Removido
2658,2,Infectado
2659,3,Removido
3438,2,Infectado
3439,2,Infectado
3441,1,Exposto
3442,1,Exposto
3443,1,Exposto
3444,1,Exposto
3445,2,Infectado
3446,2,Infectado
3447,1,Exposto
3448,3,Removido
3449,3,Removido
3450,1,Exposto
3451,2,Infectado
3452,1,Exposto
3453,2,Infectado
3455,1,Exposto
3457,1,Exposto
3458,2,Infectado
3459,1,Exposto
3460,1,Exposto
3461,1,Exposto
3462,3,Removido
3463,1,Exposto
3464,1,Exposto
3465,1,Exposto
3466,3,Removido
3467,1,Exposto
3468,1,Exposto
3469,2,Infectado
3470,3,Removido
3471,1,Exposto
3472,3,Removido
3473,2,Infectado
3474,2,Infectado
3475,1,Exposto
3476,3,Removido
3477,2,Infectado
3478,1,Exposto
3479,1,Exposto
3480,1,Exposto
3481,1,Exposto
3482,1,Exposto
3483,1,Exposto
3484,1,Exposto
3485,1,Exposto
3486,1,Exposto
3488,3,Removido
3489,1,Exposto
3490,1,Exposto
3491,1,Exposto
3492,1,Exposto
3493,1,Exposto
3494,2,Infectado
3496,1,Exposto
3497,1,Exposto
3498,1,Exposto
3499,1,Exposto
3500,1,Exposto
3502,1,Exposto
3503,1,Exposto
3504,1,Exposto
3505,2,Infectado
3506,1,Exposto
3507,1,Exposto
3508,1,Exposto
3509,1,Exposto
3510,2,Infectado
3511,1,Exposto
3512,1,Exposto
3513,1,Exposto
3514,2,Infectado
3515,1,Exposto
3516,3,Removido
3518,1,Exposto
3519,3,Removido
3520,1,Exposto
3521,1,Exposto
3522,1,Exposto
3523,1,Exposto
3524,1,Exposto
3526,3,Removido
3527,1,Exposto
3528,3,Removido
3529,1,Exposto
3530,2,Infectado
3531,1,Exposto
3532,3,Removido
3533,3,Removido
3534,3,Removido
3535,1,Exposto
3536,1,Exposto
3537,3,Removido
3538,1,Exposto
3539,2,Infectado
3541,1,Exposto
3542,3,Removido
3543,1,Exposto
3544,1,Exposto
3545,2,Infectado
3546,2,Infectado
3547,1,Exposto
3548,1,Exposto
3549,2,Infectado
3551,1,Exposto
3552,3,Removido
3553,1,Exposto
3554,1,Exposto
3555,1,Exposto
3557,1,Exposto
3558,1,Exposto
3559,1,Exposto
3560,1,Exposto
3562,1,Exposto
3563,1,Exposto
3564,1,Exposto
3565,2,Infectado
3566,3,Removido
3567,1,Exposto
3568,3,Removido
3569,3,Removido
3570,1,Exposto
3571,1,Exposto
3572,1,Exposto
3573,1,Exposto
3574,1,Exposto
3575,1,Exposto
3576,2,Infectado
3578,1,Exposto
3579,1,Exposto
3580,3,Removido
3581,2,Infectado
3582,1,Exposto
3583,1,Exposto
3584,1,Exposto
3585,1,Exposto
3587,1,Exposto
3588,1,Exposto
3589,2,Infectado
3590,2,Infectado
3591,1,Exposto
3593,3,Removido
3594,1,Exposto
3595,3,Removido
3596,1,Exposto
3597,1,Exposto
3598,1,Exposto
3599,1,Exposto
3600,3,Removido
3601,1,Exposto
3602,2,Infectado
3603,1,Exposto
3604,3,Removido
3605,1,Exposto
3606,2,Infectado
3607,3,Removido
3608,2,Infectado
3610,1,Exposto
3611,1,Exposto
3612,3,Removido
3613,1,Exposto
3614,3,Removido
3615,1,Exposto
3616,1,Exposto
3617,2,Infectado
3618,1,Exposto
3619,1,Exposto
3620,1,Exposto
3622,1,Exposto
3623,1,Exposto
3624,1,Exposto
3625,1,Exposto
3627,1,Exposto
3628,2,Infectado
3629,1,Exposto
3630,3,Removido
3631,1,Exposto
3632,1,Exposto
3634,1,Exposto
3635,1,Exposto
3636,1,Exposto
3637,2,Infectado
3638,1,Exposto
3639,1,Exposto
3640,1,Exposto
3641,1,Exposto
3642,1,Exposto
3643,2,Infectado
3644,1,Exposto
3645,1,Exposto
3646,1,Exposto
3647,2,Infectado
3648,1,Exposto
3649,1,Exposto
3650,2,Infectado
3652,1,Exposto
3653,1,Exposto
3654,2,Infectado
3655,2,Infectado
3656,1,Exposto
3657,1,Exposto
3658,1,Exposto
3659,1,Exposto
3660,2,Infectado
3661,1,Exposto
3662,3,Removido
3663,3,Removido
3664,1,Exposto
3665,1,Exposto
3666,1,Exposto
3667,2,Infectado
3668,1,Exposto
3669,1,Exposto
3670,1,Exposto
3671,1,Exposto
3672,1,Exposto
3673,1,Exposto
3675,3,Removido
3676,1,Exposto
3678,1,Exposto
3679,2,Infectado
3680,3,Removido
3681,3,Removido
3682,1,Exposto
3683,1,Exposto
3685,1,Exposto
3686,2,Infectado
3687,1,Exposto
3688,1,Exposto
3689,1,Exposto
3690,1,Exposto
3691,1,Exposto
3693,1,Exposto
3694,2,Infectado
3695,1,Exposto
3696,1,Exposto
3697,2,Infectado
3698,1,Exposto
3699,1,Exposto
3700,2,Infectado
3701,3,Removido
3702,1,Exposto
3703,1,Exposto
3704,1,Exposto
3705,1,Exposto
3706,3,Removido
3707,1,Exposto
3708,3,Removido
3709,2,Infectado
3710,1,Exposto
3711,1,Exposto
3712,1,Exposto
3713,1,Exposto
3714,1,Exposto
3715,1,Exposto
3716,3,Removido
3717,3,Removido
3718,3,Removido
3719,1,Exposto
3720,2,Infectado
3722,1,Exposto
3724,1,Exposto
3725,2,Infectado
3726,1,Exposto
3727,2,Infectado
3728,1,Exposto
3729,1,Exposto
3730,1,Exposto
3731,1,Exposto
3732,3,Removido
3733,2,Infectado
3734,1,Exposto
3735,1,Exposto
3736,3,Removido
3737,1,Exposto
3738,1,Exposto
3739,1,Exposto
3740,1,Exposto
3742,3,Removido
3743,1,Exposto
3744,3,Removido
3745,3,Removido
3746,3,Removido
3747,1,Exposto
3748,2,Infectado
3749,1,Exposto
3751,1,Exposto
3752,2,Infectado
3753,1,Exposto
3754,2,Infectado
3755,1,Exposto
3757,1,Exposto
3758,1,Exposto
3759,3,Removido
3760,3,Removido
3761,1,Exposto
3762,1,Exposto
3763,1,Exposto
3764,1,Exposto
3765,1,Exposto
3766,1,Exposto
3767,1,Exposto
3768,1,Exposto
3769,1,Exposto
3770,1,Exposto
3771,1,Exposto
3772,1,Exposto
3773,2,Infectado
3774,3,Removido
3775,1,Exposto
3776,2,Infectado
3777,1,Exposto
3778,1,Exposto
3780,1,Exposto
3781,1,Exposto
3782,3,Removido
3783,2,Infectado
3784,1,Exposto
3785,1,Exposto
3786,3,Removido
3787,2,Infectado
3788,2,Infectado
3789,1,Exposto
3790,1,Exposto
3791,3,Removido
3792,2,Infectado
3793,3,Removido
3794,1,Exposto
3795,1,Exposto
3796,2,Infectado
3798,3,Removido
3799,1,Exposto
3800,3,Removido
3801,1,Exposto
3802,1,Exposto
3803,1,Exposto
3804,3,Removido
3805,3,Removido
3806,1,Exposto
3807,2,Infectado
3808,1,Exposto
3809,3,Removido
3810,3,Removido
3811,1,Exposto
3812,3,Removido
3813,3,Removido
3814,1,Exposto
3815,3,Removido
3816,1,Exposto
3817,1,Exposto
3818,1,Exposto
3819,1,Exposto
3820,3,Removido
3821,1,Exposto
3822,3,Removido
3823,1,Exposto
3824,1,Exposto
3825,1,Exposto
3826,1,Exposto
3827,1,Exposto
3828,1,Exposto
3829,3,Removido
3831,1,Exposto
3832,2,Infectado
3833,3,Removido
3834,1,Exposto
3835,1,Exposto
3836,1,Exposto
3837,1,Exposto
3838,1,Exposto
3839,2,Infectado
3840,1,Exposto
3841,1,Exposto
3842,1,Exposto
3843,1,Exposto
3844,1,Exposto
3845,1,Exposto
3846,1,Exposto
3847,1,Exposto
3848,1,Exposto
3849,2,Infectado
3850,1,Exposto
3852,1,Exposto
3853,1,Exposto
3854,1,Exposto
3855,1,Exposto
3856,1,Exposto
3857,3,Removido
3858,1,Exposto
3859,1,Exposto
3860,3,Removido
3862,1,Exposto
3863,1,Exposto
3864,3,Removido
3865,1,Exposto
3866,2,Infectado
3867,1,Exposto
3868,2,Infectado
3869,1,Exposto
3870,2,Infectado
3871,1,Exposto
3873,2,Infectado
3874,1,Exposto
3875,1,Exposto
3876,2,Infectado
3878,1,Exposto
3879,1,Exposto
3880,1,Exposto
3881,1,Exposto
3882,2,Infectado
3883,2,Infectado
3884,1,Exposto
3885,1,Exposto
3887,3,Removido
3888,2,Infectado
3889,1,Exposto
3890,1,Exposto
3891,1,Exposto
3892,1,Exposto
3893,3,Removido
3894,1,Exposto
3895,1,Exposto
3896,3,Removido
3897,1,Exposto
3898,3,Removido
3899,1,Exposto
3900,1,Exposto
3901,1,Exposto
3902,3,Removido
3903,2,Infectado
3904,1,Exposto
3905,2,Infectado
3906,1,Exposto
3907,2,Infectado
3908,3,Removido
3909,3,Removido
3910,3,Removido
3911,3,Removido
3912,2,Infectado
3913,1,Exposto
3914,1,Exposto
3915,1,Exposto
3916,1,Exposto
3917,2,Infectado
3918,3,Removido
3919,1,Exposto
3920,1,Exposto
3921,2,Infectado
3922,1,Exposto
3923,1,Exposto
3924,3,Removido
3925,1,Exposto
3926,2,Infectado
3927,3,Removido
3928,3,Removido
3929,3,Removido
3930,1,Exposto
3931,3,Removido
3932,1,Exposto
3933,1,Exposto
3934,1,Exposto
3935,2,Infectado
3936,1,Exposto
3937,3,Removido
3938,1,Exposto
3939,2,Infectado
3940,3,Removido
3941,2,Infectado
3942,1,Exposto
3944,3,Removido
3945,3,Removido
3946,1,Exposto
3947,1,Exposto
3949,1,Exposto
3950,1,Exposto
3951,1,Exposto
3952,1,Exposto
3953,2,Infectado
3954,1,Exposto
3955,2,Infectado
3956,3,Removido
3957,1,Exposto
3958,1,Exposto
3959,1,Exposto
3960,1,Exposto
3963,2,Infectado
3964,3,Removido
3965,2,Infectado
3966,3,Removido
3967,1,Exposto
3968,1,Exposto
3969,3,Removido
3970,1,Exposto
3971,3,Removido
3972,1,Exposto
3973,1,Exposto
3974,1,Exposto
3975,3,Removido
3976,2,Infectado
3977,1,Exposto
3978,2,Infectado
3979,1,Exposto
3981,0,Suscetível
3982,0,Suscetível
3983,0,Suscetível
3984,0,Suscetível
3985,0,Suscetível
3986,0,Suscetível
3987,0,Suscetível
3988,0,Suscetível
3990,0,Suscetível
3991,1,Exposto
3992,0,Suscetível
3993,0,Suscetível
3994,0,Suscetível
3995,0,Suscetível
3996,0,Suscetível
3997,0,Suscetível
3998,0,Suscetível
3999,0,Suscetível
4000,0,Suscetível
4001,0,Suscetível
4002,0,Suscetível
4003,0,Suscetível
4004,0,Suscetível
4005,0,Suscetível
4006,0,Suscetível
4007,0,Suscetível
4008,0,Suscetível
4009,0,Suscetível
4010,0,Suscetível
4012,0,Suscetível
4013,1,Exposto
4014,0,Suscetível
4015,0,Suscetível
4016,0,Suscetível
4017,0,Suscetível
4018,0,Suscetível
4019,0,Suscetível
4020,0,Suscetível
4021,0,Suscetível
4022,0,Suscetível
4023,0,Suscetível
4024,0,Suscetível
4025,0,Suscetível
4026,0,Suscetível
4027,0,Suscetível
4028,0,Suscetível
4029,0,Suscetível
4030,0,Suscetível
4032,0,Suscetível
4033,0,Suscetível
4034,0,Suscetível
4035,0,Suscetível
4036,0,Suscetível
4037,0,Suscetível
4038,2,Infectado
